Spécification,1. Salariés résidents sortants - données cvs,2. Salariés frontaliers entrants - données cvs,3. Emploi salarié national - données cvs,4. Emploi salarié intérieur - données cvs (3 + 2 - 1),5. Emploi non-salarié national - données cvs,6. Emploi non-salarié intérieur - données cvs,7. Emploi total national - données cvs (3 + 5),8. Emploi total intérieur - données cvs (4 + 6),9. Nombre de chômeurs - données cvs,10. Population active - données cvs (7 + 9),11. Taux de chômage (en %) - données cvs (9 / 10)
septembre 2018,12551.5217135862,193646.836121908,243207.139144669,424302.453552991,22144.2180021985,27091.1030692943,265351.357146868,451393.556622285,15027.0002652261,280378.357412094,5.35954358386506
août 2018,12555.9971863433,192950.648744633,242765.248435369,423159.899993659,22103.0113633775,27025.6741133708,264868.259798747,450185.57410703,15401.6876805423,280269.947479289,5.49530472998018
juillet 2018,12561.6759780383,192332.185439911,242157.838825293,421928.348287165,22088.8756099052,26985.8310594633,264246.714435198,448914.179346628,15434.1723231818,279680.88675838,5.5184937741261
juin 2018,12567.3016267072,191750.287052054,242484.151931304,421667.137356651,21979.6380783281,26859.1049438986,264463.790009632,448526.24230055,15467.6202399106,279931.410249542,5.52550363180829
mai 2018,12572.9586282199,191018.804453768,241846.195987024,420292.041812573,21961.762650208,26801.9658756557,263807.958637232,447094.007688228,15530.6632406935,279338.621877925,5.55979804592884
avril 2018,12578.5066867121,190331.218271313,241426.450082457,419179.161667058,21908.312467722,26733.5867973467,263334.762550179,445912.748464404,15620.5438918889,278955.306442068,5.59965827182889
mars 2018,12584.1145614861,189363.054738994,240793.890772303,417572.830949811,21886.9679597016,26703.9337667719,262680.858732004,444276.764716583,15789.6984717403,278470.557203744,5.67015006192833
février 2018,12589.5569052942,188786.458396228,240068.714879383,416265.616370317,21845.6485907911,26640.6403367432,261914.363470174,442906.25670706,15862.6562508539,277777.019721028,5.7105718344825
janvier 2018,12595.096970255,188285.434576597,239835.731050138,415526.06865648,21785.577013725,26549.193803055,261621.308063863,442075.262459535,15633.4903838273,277254.79844769,5.63867261138741
décembre 2017,12546.196084411,187247.936564717,238956.14519925,413657.885679556,21765.5767661219,26500.836601519,260721.721965372,440158.722281075,15984.3606433841,276706.082608756,5.77665676615609
novembre 2017,12556.4646420789,186663.350972683,238659.854301397,412766.740632002,21777.3348996965,26497.4922138585,260437.189201094,439264.23284586,15828.3326120472,276265.521813141,5.72939124222423
octobre 2017,12566.6171145676,185783.744115526,237512.460500548,410729.587501506,21733.668417506,26429.6668336475,259246.128918054,437159.254335154,15921.2362195584,275167.365137612,5.78601906937479
septembre 2017,12576.6701467999,185206.183620475,236990.051634383,409619.565108058,21675.9153617495,26353.3798608064,258665.966996132,435972.944968864,16252.4122053038,274918.379201436,5.91172269111752
août 2017,12582.4597744591,184319.730234715,236055.28524923,407792.555709486,21710.2389801152,26362.4206522144,257765.524229346,434154.9763617,16255.9004722824,274021.424701628,5.93234652727715
juillet 2017,12588.6283207455,183128.6424629,235261.137121298,405801.151263452,21648.3260452054,26278.5327824842,256909.463166504,432079.684045937,16413.617936483,273323.081102987,6.00520741616345
juin 2017,12595.0000884524,182932.715600771,235324.507043122,405662.222555441,21629.2772805674,26246.2581370925,256953.784323689,431908.480692534,16155.8397656284,273109.624089318,5.91551462878688
mai 2017,12600.8590762501,182285.955557181,234993.328504406,404678.424985338,21605.757802622,26206.4290828679,256599.086307028,430884.854068206,16141.6828913086,272740.769198337,5.91832417967934
avril 2017,12607.1091831345,181731.99911784,234233.811865004,403358.701799709,21574.3393640741,26149.4354728413,255808.151229078,429508.137272551,16191.1487854535,271999.300014531,5.95264354893137
mars 2017,12612.6152446541,181447.301690207,233956.521709869,402791.208155422,21601.0369480821,26161.8336046827,255557.558657951,428953.041760105,16212.4090151694,271769.967673121,5.96548954764177
février 2017,12618.7295319769,180509.255438711,233282.007797258,401172.533703992,21531.8959685242,26069.7263664151,254813.903765782,427242.260070407,16345.2145793731,271159.118345155,6.02790519423636
janvier 2017,12623.8419430666,179637.17870526,232482.653182805,399495.989944999,21542.2426726235,26051.9891469789,254024.895855429,425547.979091978,16615.0407117606,270639.93656719,6.13916812223156
décembre 2016,12773.6795274809,179500.250685995,231965.883161777,398692.454320292,21591.1045116849,26090.4981178994,253556.987673462,424782.952438191,16768.6116039424,270325.599277404,6.20311640805232
novembre 2016,12746.7408107159,178829.506645241,231450.932124891,397533.697959416,21577.5176815137,26065.2997578195,253028.449806405,423598.997717236,16685.1703645156,269713.62017092,6.18625427738578
octobre 2016,12720.3883365176,178245.568455322,231120.893231859,396646.073350663,21443.0039993049,25918.5920213526,252563.897231164,422564.665372016,16880.8937091415,269444.790940305,6.26506589725885
septembre 2016,12693.1009395835,177599.507144063,230244.412496833,395150.818701312,21530.3610400028,25990.7138098275,251774.773536836,421141.53251114,16890.4333233068,268665.206860143,6.28679594231914
août 2016,12662.9716525548,176948.82555863,229385.582884852,393671.436790927,21466.9864335126,25888.513264308,250852.569318364,419559.950055235,16840.7810407715,267693.350359136,6.29107186195621
juillet 2016,12632.7130863461,176688.842361895,229175.111281915,393231.240557463,21409.6071859679,25813.8595064799,250584.718467882,419045.100063943,16815.8987175905,267400.617185473,6.2886536667665
juin 2016,12602.5237576624,175989.546515726,228358.088719846,391745.111477909,21434.5379451217,25802.1007660013,249792.626664967,417547.21224391,16945.3880127392,266738.014677707,6.35282077555159
mai 2016,12571.993933537,175364.616558854,227952.728420166,390745.351045483,21368.3841699729,25706.5001242186,249321.112590139,416451.851169702,17007.0311781773,266328.143768316,6.38574314285464
avril 2016,12541.3107958217,174883.259569952,227373.345733577,389715.294507707,21341.6692077149,25654.3630243202,248715.014941292,415369.657532027,17226.1067439848,265941.121685277,6.47741373534956
mars 2016,12510.5687242117,174218.007819054,226823.532738175,388530.971833018,21325.766652533,25609.4393554035,248149.299390708,414140.411188421,17159.0369449175,265308.336335626,6.46758303260046
février 2016,12479.4560200933,173615.192298183,226675.818886896,387811.555164985,21281.0323163595,25539.500564857,247956.851203256,413351.055729842,17002.2334626145,264959.08466587,6.41692791324946
janvier 2016,12448.5768768913,173389.18870809,226467.474439587,387408.086270786,21134.464012878,25371.7309296912,247601.938452465,412779.817200477,17136.1558070742,264738.094259539,6.47287118047867
décembre 2015,12321.1095848803,172207.226418684,225762.020205644,385648.137039448,21228.6993216973,25425.1262114528,246990.719527341,411073.2632509,17466.5546766092,264457.274203951,6.60467923568588
novembre 2015,12302.1787984784,171775.029702023,225418.619503432,384891.470406976,21167.220174162,25345.3017840102,246585.839677594,410236.772190987,17540.4774664557,264126.317144049,6.64094273380923
octobre 2015,12282.7322416888,171609.695298512,225374.418200671,384701.381257494,21127.2575445086,25295.7415439505,246501.67574518,409997.122801445,17605.6895910629,264107.365336243,6.66611079499756
septembre 2015,12263.6487268782,170917.263024195,224825.662811301,383479.277108618,21110.3024121414,25271.3570356662,245935.965223442,408750.634144284,17441.2549201422,263377.220143584,6.62215772139815
août 2015,12241.8631583172,170161.469862314,224224.2876071,382143.894311097,21008.2178392961,25151.2012079837,245232.505446396,407295.095519081,17743.923580212,262976.429026608,6.74734372426078
juillet 2015,12220.7127967653,169923.460423075,223788.265534565,381491.013160875,20972.5355849511,25084.9608580044,244760.801119516,406575.974018879,17801.7661750016,262562.567294518,6.78000918349999
juin 2015,12199.2843575487,169157.758432372,223472.498659892,380430.972734715,21024.1187869825,25118.9207070279,244496.617446874,405549.893441743,17866.2889480895,262362.906394964,6.80976178896015
mai 2015,12178.0489048254,168885.390986434,223156.946210828,379864.288292436,20952.7256772128,25032.6938022852,244109.67188804,404896.982094721,17947.4792324259,262057.151120466,6.84868898089161
avril 2015,12156.639656976,167970.715952502,222802.461560332,378616.537855858,20951.1623840022,25016.7159783479,243753.623944334,403633.253834206,17912.6018156184,261666.225759953,6.84559184648121
mars 2015,12135.3600833876,167479.850351262,222615.724273833,377960.214541708,20876.2471238024,24935.0271021114,243491.971397635,402895.241643819,17818.5637936752,261310.535191311,6.81892285002207
février 2015,12114.007609336,167090.888316289,222305.563563302,377282.444270255,20836.2889529466,24881.6354384234,243141.852516249,402164.079708678,18066.0595294689,261207.912045718,6.91635233710183
janvier 2015,12092.7351653198,166295.667608094,221325.707390729,375528.639833503,20814.7612578319,24830.5599891726,242140.468648561,400359.199822676,18116.0472315911,260256.515880152,6.96084290928321
décembre 2014,11911.9224024315,166291.624827799,221182.743539685,375562.445965053,20764.7553299182,24763.4388074875,241947.498869603,400325.884772541,17976.6954083152,259924.194277919,6.91613008871887
novembre 2014,11912.5341165259,166086.306837119,220912.13280777,375085.905528363,20687.4406546541,24665.1775063738,241599.573462424,399751.083034737,18174.8550026713,259774.428465095,6.99639880263016
octobre 2014,11913.1250654923,165479.456175324,220213.953197501,373780.284307332,20709.7648149825,24674.3651681856,240923.718012483,398454.649475518,18205.9985581594,259129.716570643,7.02582428565121
septembre 2014,11913.7039633411,165012.696271278,219723.565096386,372822.557404323,20664.2643317729,24603.9858875938,240387.829428158,397426.543291917,18402.0005032402,258789.829931399,7.11078967365847
août 2014,11912.5510972113,164993.181503304,220002.764107976,373083.394514069,20484.6941972457,24412.0340411232,240487.458305222,397495.428555193,18246.7822938375,258734.24059906,7.0523260669287
juillet 2014,11911.640053111,164418.479594075,219499.287231131,372006.126772095,20598.2211563633,24504.2708851097,240097.508387494,396510.397657205,18444.3464700715,258541.854857566,7.1339886070798
juin 2014,11910.6797957912,163937.725615456,219038.88277669,371065.928596355,20521.890221098,24395.0266385751,239560.772997788,395460.95523493,18419.4840388297,257980.257036618,7.13988126471834
mai 2014,11909.6816684067,163398.162484185,218685.799262548,370174.280078326,20551.0793899461,24409.2124385998,239236.878652494,394583.492516926,18522.1001223693,257758.978774863,7.18582150286496
avril 2014,11908.6265231839,163268.70841745,218221.752048743,369581.833943009,20506.7783469955,24350.8127666312,238728.530395738,393932.64670964,18226.6739887409,256955.204384479,7.09332742740193
mars 2014,11907.5262618634,162986.876485966,217783.843156202,368863.193380304,20456.888704757,24271.7963506115,238240.731860959,393134.989730916,18184.4126250461,256425.144486005,7.09150916595799
février 2014,11906.3673969052,162850.655175166,217444.733939025,368389.021717286,20446.4691332966,24246.9207477419,237891.203072322,392635.942465028,18059.249481791,255950.452554113,7.05575993383834
janvier 2014,11905.1659358405,162398.519676514,216901.475449526,367394.829190199,20444.9527773735,24244.1528163787,237346.4282269,391638.982006578,18125.4509235859,255471.879150485,7.09489082863367
décembre 2013,12087.8466762391,161802.431611203,216422.254293834,366136.839228798,20147.6259382536,23939.8214413179,236569.880232088,390076.660670116,17943.7017159292,254513.581948017,7.05019416983182
novembre 2013,12045.8300709068,161533.190246368,216087.378597157,365574.738772618,20090.401461649,23862.9718959018,236177.780058806,389437.71066852,17811.1782750039,253988.95833381,7.01257975616217
octobre 2013,12003.7595396377,161034.946746702,215460.336442067,364491.523649131,20106.8456861227,23858.9762354175,235567.18212819,388350.499884549,17579.9902253998,253147.17235359,6.94457301732941
septembre 2013,11961.6320631354,160445.769677872,215095.466283857,363579.603898594,20050.758813077,23784.4052869418,235146.225096934,387364.009185536,17491.9774074411,252638.202504375,6.92372619581875
août 2013,11918.2471068292,160470.704263966,215373.213686083,363925.67084322,20025.6734013051,23737.8023943931,235398.887087388,387663.473237614,17210.3342571477,252609.221344536,6.81302692179805
juillet 2013,11875.045176952,160027.293250827,214341.388150648,362493.636224523,20113.8969592301,23764.7839760494,234455.285109878,386258.420200573,17367.2711356527,251822.556245531,6.89663046654143
juin 2013,11831.8721282112,159858.948239217,214148.246493343,362175.322604348,19985.8258372973,23694.8659693949,234134.07233064,385870.188573743,17328.5819438396,251462.65427448,6.89111549937149
mai 2013,11788.731387679,159660.131642865,213576.072377059,361447.472632245,19937.5900838258,23648.7271906045,233513.662460884,385096.199822849,17152.3638136589,250666.026274543,6.84271581138511
avril 2013,11745.6692693116,159119.075096056,213050.956097252,360424.361923997,19963.7748226244,23660.2604729898,233014.730919877,384084.622396987,16803.0098896118,249817.740809488,6.72610753550358
mars 2013,11702.6904218928,158842.546065125,212596.609218159,359736.464861391,19881.999451345,23545.2773250291,232478.608669504,383281.74218642,16664.8925409785,249143.501210482,6.68887306311859
février 2013,11659.8492413861,158661.526814539,212380.66077523,359382.338348383,19849.4361503281,23496.3678147064,232230.096925558,382878.706163089,16318.2812667632,248548.378192321,6.56543461898448
janvier 2013,11617.1542037937,158486.265437409,212148.765013218,359017.876246833,19808.6354102112,23451.414849686,231957.400423429,382469.291096519,16091.8905186824,248049.290942112,6.48737614107426
décembre 2012,11271.194377834,158791.035604941,212358.648966429,359878.490193536,19746.7507350817,23363.0932456029,232105.399701511,383241.583439138,15798.0736564186,247903.473357929,6.37267136374847
novembre 2012,11276.5548441809,157958.689614467,211690.968992678,358373.103762964,19777.9397445161,23372.6399794219,231468.908737194,381745.743742386,15398.949106405,246867.857843599,6.23772946422248
octobre 2012,11282.0316533325,157809.550366157,211129.538666413,357657.057379238,19726.8839255396,23298.4882348262,230856.422591953,380955.545614064,15215.8674744406,246072.290066393,6.18349488694366
septembre 2012,11287.6330739389,157925.153575703,210800.983902335,357438.5044041,19647.5637494851,23201.6054948805,230448.54765182,380640.10989898,15074.0712225023,245522.618874323,6.1395855467876
août 2012,11292.4187566393,157539.93762874,210744.749924547,356992.268796647,19686.1149603432,23236.3415375025,230430.86488489,380228.61033415,14970.394496115,245401.259381005,6.1003739483147
juillet 2012,11297.4533673546,157051.002701616,210247.784417997,356001.333752259,19681.5935498618,23225.2066636898,229929.377967859,379226.540415948,14895.3481649066,244824.726132765,6.08408652189364
juin 2012,11302.5661734014,157120.963448284,209940.405403069,355758.802677952,19595.8118717347,23159.369400416,229536.217274804,378918.172078368,14750.1054072235,244286.322682027,6.03803980725635
mai 2012,11307.7684473293,156771.72683586,209347.919841642,354811.878230173,19577.9496108446,23105.6955977762,228925.869452486,377917.573827949,14698.9479174663,243624.817369952,6.03343619757154
avril 2012,11313.0379507893,156889.550371612,209317.690312781,354894.202733603,19519.346592522,23034.8114940105,228837.036905303,377929.014227614,14617.5481781564,243454.585083459,6.00421970822413
mars 2012,11318.3899064922,156641.591902798,208822.393282945,354145.595279251,19571.6848163698,23090.9028452083,228394.078099315,377236.49812446,14627.0418815074,243021.119980822,6.01883568089128
février 2012,11323.8094465567,156329.519093084,207974.822328459,352980.531974986,19572.2564668584,23069.9292575717,227547.078795317,376050.461232558,14444.7678890227,241991.84668434,5.96911345854755
janvier 2012,11323.8094465567,156329.519093084,207974.822328459,352980.531974986,19572.2564668584,23069.9292575717,227547.078795317,376050.461232558,14444.7678890227,241991.84668434,5.96911345854755
décembre 2011,11323.8094465567,156329.519093084,207974.822328459,352980.531974986,19572.2564668584,23069.9292575717,227547.078795317,376050.461232558,14444.7678890227,241991.84668434,5.96911345854755
novembre 2011,11350.7646369406,155605.5169774,206904.520348312,351159.27268877,19464.8019125463,22893.0754851953,226369.322260858,374052.348173966,13552.7493149622,239922.07157582,5.64881306081891
octobre 2011,11343.9083957512,154798.065593318,205890.859726699,349345.016924266,19436.3477649685,22842.2145696252,225327.207491667,372187.231493891,13586.2130099126,238913.42050158,5.68666799101928
septembre 2011,11337.0542720941,155051.505793013,206089.761948847,349804.213469766,19480.331966222,22871.3655732061,225570.093915069,372675.579042972,13704.2369706509,239274.33088572,5.72741627567068
août 2011,11329.5264542353,154687.823710851,205525.62300231,348883.920258926,19446.7733869944,22821.0912132928,224972.396389305,371705.011472219,13807.8795591174,238780.275948422,5.78267174885916
juillet 2011,11322.1054707496,154642.570421897,205409.823221338,348730.288172485,19411.8437969294,22768.7296774526,224821.667018267,371499.017849938,13696.9977160001,238518.664734267,5.7425265780604
juin 2011,11314.680447519,154022.260583039,204706.032802268,347413.612937788,19416.7942624509,22756.8848035892,224122.827064719,370170.497741377,13237.3040928321,237360.131157551,5.57688607108399
mai 2011,11307.2612351682,153680.834047976,204298.245338626,346671.818151433,19428.2691422549,22752.0828138909,223726.514480881,369423.900965324,13196.0334901759,236922.547971057,5.56976683020816
avril 2011,11299.8479068491,153116.830385865,203950.582248238,345767.564727254,19380.9891444487,22687.173586231,223331.571392687,368454.738313485,13112.0505585081,236443.621951195,5.54552939525459
mars 2011,11292.4560679388,152718.64700167,203164.510890861,344590.701824592,19352.6310127799,22625.0045562082,222517.141903641,367215.706380801,13089.2726529903,235606.414556631,5.55556718505391
février 2011,11285.0957974634,151967.999367403,202178.84008271,342861.743652649,19308.5008679608,22563.0385319848,221487.340950671,365424.782184634,13114.7063126185,234602.047263289,5.59019261153341
janvier 2011,11277.7955605908,151437.354099287,201751.543641657,341911.102180354,19273.5919240534,22493.6222116183,221025.135565711,364404.724391972,13248.9528126188,234274.088378329,5.6553214674015
décembre 2010,11119.0055594788,151257.533276124,201055.537679969,341194.065396614,19245.5288834773,22449.718666094,220301.066563447,363643.784062708,13706.5337944981,234007.600357945,5.85730282842618
novembre 2010,11131.9282886783,150770.587189638,200303.94427875,339942.60317971,19196.6960270383,22386.0915095813,219500.640305788,362328.694689291,13846.0690550596,233346.709360848,5.93368944134025
octobre 2010,11144.7836990075,150837.072280365,200673.132631417,340365.421212775,19145.9789951877,22306.2002512201,219819.111626605,362671.621463995,13692.2044281086,233511.316054713,5.86361494571013
septembre 2010,11157.5816415894,150078.676263013,200318.296094631,339239.390716055,19125.3999405,22262.6625801343,219443.696035131,361502.053296189,13505.7296048349,232949.425639966,5.79770890944743
août 2010,11169.7947643394,149775.647975798,199714.7843301,338320.637541558,19118.9783324779,22235.9041739362,218833.762662578,360556.541715495,13514.6740967445,232348.436759322,5.81655477662784
juillet 2010,11182.0013987758,149481.004268588,199795.875038298,338094.877908111,19107.5167957384,22205.416657161,218903.391834037,360300.294565272,13327.624055861,232231.015889898,5.73895093417654
juin 2010,11194.0906913124,149119.402237402,199004.895906403,336930.207452493,19042.7876004411,22117.3811793044,218047.683506844,359047.588631798,13478.2917066576,231525.975213502,5.82150304916265
mai 2010,11206.0774933408,148706.06743425,198766.558944075,336266.548884984,18982.7287828971,22039.992052505,217749.287726972,358306.540937489,13192.9869923571,230942.274719329,5.71267733826165
avril 2010,11217.9351237511,148588.892026498,198453.566336506,335824.523239253,18966.4398938316,22001.8116715534,217420.006230338,357826.334910807,13354.2666172467,230774.272847584,5.78672243333926
mars 2010,11229.6872417239,148013.115564175,197950.323718172,334733.752040623,18927.5509176616,21938.2315818621,216877.874635834,356671.983622486,13440.177024607,230318.051660441,5.83548572407254
février 2010,11241.3193908233,147742.962732187,197773.16712212,334274.810463484,18963.5605674628,21947.8931224841,216736.727689583,356222.703585968,13448.3534940285,230185.081183611,5.84240882375046
janvier 2010,11252.8744433626,147383.113773326,197504.887156868,333635.126486831,18942.6492361184,21934.2100183956,216447.536392986,355569.336505227,13229.4934202059,229677.029813192,5.76004201681208
décembre 2009,11338.598202983,146895.916715992,197391.445747429,332948.764260438,18957.473167644,21943.1245083807,216348.918915073,354891.888768819,13110.4295346133,229459.348449686,5.71361752013693
novembre 2009,11331.2443943182,146605.714189019,196876.071017437,332150.540812138,18939.6516789155,21912.3661096045,215815.722696353,354062.906921743,13184.2739892557,228999.996685608,5.75732496946551
octobre 2009,11323.6540305775,146474.994180134,197100.092253362,332251.432402919,18902.2916405209,21865.7869083123,216002.383893883,354117.219311231,13150.8990106531,229153.282904536,5.73890927677947
septembre 2009,11315.8326620267,146306.936469414,196802.700715839,331793.804523227,18902.1634470815,21837.2757380334,215704.86416292,353631.08026126,12895.7710051128,228600.635168033,5.64117899131546
août 2009,11307.4137696214,146145.887729376,195791.425645053,330629.899604808,18859.0917502392,21787.4582312627,214650.517395292,352417.35783607,12788.4428492531,227438.960244545,5.62280219514844
juillet 2009,11298.8218842143,146285.510843988,195872.058088017,330858.747047792,18837.5533084981,21740.2191735209,214709.611396516,352598.966221313,12633.3055030561,227342.916899572,5.5569382478878
juin 2009,11289.9972365968,146179.319048939,195547.51123667,330436.833049012,18853.8846754454,21733.5099239282,214401.395912115,352170.34297294,12625.3602857591,227026.756197874,5.56117723619985
mai 2009,11280.9542339492,146558.309020011,195449.718757774,330727.073543836,18884.4235665124,21752.8137792808,214334.142324287,352479.887323117,12329.1039058267,226663.246230113,5.4393926280002
avril 2009,11271.6986773549,146524.464533009,195454.48759136,330707.253447014,18803.5238511027,21650.548905346,214258.011442463,352357.80235236,12040.6113279075,226298.622770371,5.32067371003195
mars 2009,11262.2568210508,146750.123419086,195343.170114424,330831.036712459,18761.5450600206,21588.2952590768,214104.715174444,352419.331971536,11759.311728996,225864.02690344,5.20636769396804
février 2009,11252.6518454185,147003.454545232,195544.120760268,331294.923460082,18742.5369804078,21558.2124584723,214286.657740676,352853.135918554,11447.3413178371,225733.999058513,5.07116400966689
janvier 2009,11242.9347857013,147437.672263706,195850.17606495,332044.913542955,18716.9570209563,21520.6259743839,214567.133085906,353565.539517339,11090.6019258846,225657.73501179,4.91478917188686
décembre 2008,11253.6667520799,147680.917688365,195561.765227295,331989.01616358,18771.2999484515,21567.0483707888,214333.065175746,353556.064534368,10128.0057612714,224461.070937018,4.51214356190667
novembre 2008,11235.6237100444,147306.984419755,195305.875591874,331377.236301585,18768.1715281647,21556.2327865132,214074.047120039,352933.469088098,9783.23999938165,223857.287119421,4.37030222481103
octobre 2008,11217.3063576472,147635.962983926,195702.585121488,332121.241747767,18770.6437463785,21533.5003652226,214473.228867867,353654.742112989,9594.15089539228,224067.379763259,4.28181509755195
septembre 2008,11198.7191059319,147452.989593247,195465.307673451,331719.578160766,18776.0453356288,21502.3174341045,214241.353009079,353221.89559487,9414.55066523952,223655.903674319,4.20939063560276
août 2008,11179.6046597936,146522.73603185,194519.798252184,329862.92962424,18734.6165858019,21448.0988260068,213254.414837986,351311.028450247,9213.98224991296,222468.397087899,4.1417038871694
juillet 2008,11160.2769232992,146185.13232597,194170.878696271,329195.734098942,18740.1442113036,21448.8707563531,212911.022907575,350644.604855295,9093.62388545526,222004.64679303,4.09614123704944
juin 2008,11140.7058267204,145424.199011826,193627.103470779,327910.596655885,18696.3301963315,21391.8736902176,212323.43366711,349302.470346102,9013.1155158253,221336.549182936,4.07213157930637
mai 2008,11120.9084675262,144353.302199115,192923.887720998,326156.281452587,18658.4944712486,21317.8909358826,211582.382192246,347474.17238847,9051.06676678987,220633.448959036,4.10230942293357
avril 2008,11100.9081105522,143976.340333206,192872.408525354,325747.840748008,18674.7406192203,21308.9392093177,211547.149144575,347056.779957326,8905.43211418358,220452.581258758,4.03961344581888
mars 2008,11080.738108858,143241.44250164,192395.814893562,324556.519286344,18650.3294155747,21269.4903274288,211046.144309137,345826.009613773,8628.79748189105,219674.941791028,3.92798441713004
février 2008,11060.4455078649,142435.460335796,192258.103623307,323633.118451238,18647.1209692688,21235.4897807107,210905.224592576,344868.608231949,8848.68546453498,219753.910057111,4.02663391164932
janvier 2008,11040.097083682,141437.56311903,191704.15633471,322101.622370058,18589.4794047558,21141.0405729053,210293.635739465,343242.662942963,8774.17415179791,219067.809891263,4.0052320585818
décembre 2007,11231.4162482991,140199.796272773,190671.744386871,319640.124411345,18567.1069762407,21063.7713899339,209238.851363112,340703.895801279,8699.38191730806,217938.23328042,3.99167313892768
novembre 2007,11168.0394838288,139734.576001142,190513.269892397,319079.80640971,18519.182170591,21002.0204786408,209032.452062988,340081.826888351,8933.46931339028,217965.921376378,4.09856240690222
octobre 2007,11104.4613604556,138732.993646744,189905.792921431,317534.32520772,18472.5992352029,20932.8757390473,208378.392156634,338467.200946767,8905.28350993149,217283.675666566,4.0984595288222
septembre 2007,11040.6768406444,137345.93301202,188950.362205103,315255.618376479,18424.4311474867,20870.9192586078,207374.79335259,336126.537635087,8836.28778931871,216211.081141909,4.08688016481407
août 2007,10976.5662501919,136907.818329583,189115.715358166,315046.967437557,18419.6469980964,20830.5704639488,207535.362356262,335877.537901506,9003.07329152238,216538.435647785,4.15772528539299
juillet 2007,10912.3568325606,135943.4441642,188589.43421184,313620.52154348,18384.2643818706,20781.2843992813,206973.698593711,334401.805942761,8914.29909490817,215887.997688619,4.12913139699665
juin 2007,10848.0972082218,134887.479606026,187680.969396545,311720.35179435,18397.2767521609,20767.1793966797,206078.246148706,332487.531191029,9031.36429299748,215109.610441704,4.19849409538355
mai 2007,10783.8030426656,134359.199711126,187416.063697081,310991.460365542,18377.8319447733,20721.97651359,205793.895641855,331713.436879132,8994.43488938883,214788.330531243,4.18758079973087
avril 2007,10719.5692336441,133315.379296981,186770.717579842,309366.527643179,18349.9046089171,20668.6594262334,205120.622188759,330035.187069412,9111.85424343942,214232.476432199,4.25325533980054
mars 2007,10655.4329595119,132227.822404559,186251.379399679,307823.768844726,18336.3694264761,20643.7086363567,204587.748826155,328467.477481083,9229.42455441779,213817.173380573,4.31650293028163
février 2007,10591.5230772118,131599.315528409,186153.532019555,307161.324470752,18318.0557524345,20611.5513292033,204471.587771989,327772.875799955,9198.18605654659,213669.773828536,4.30486066968362
janvier 2007,10527.9198496111,130630.271971647,185678.850029184,305781.20215122,18309.9287824574,20578.0573470583,203988.778811641,326359.259498278,9236.13534451524,213224.914156156,4.33163984662276
décembre 2006,10098.3305009466,129585.516847602,184665.71931651,304152.905663166,18301.7932964529,20530.7252791109,202967.512612963,324683.630942277,9241.12670067022,212208.639313633,4.35473632485448
novembre 2006,10098.1798451411,129126.326715716,184917.640921751,303945.787792326,18301.8325359799,20497.2842755166,203219.473457731,324443.072067843,9167.61487674915,212387.08833448,4.31646525626427
octobre 2006,10098.081599581,128300.649486658,184399.146921216,302601.714808293,18297.2756278177,20482.043490017,202696.422549033,323083.75829831,9107.9705039592,211804.393052992,4.30018016750032
septembre 2006,10098.0488509538,127273.743093291,184030.822717897,301206.516960234,18319.9115353564,20491.8999121196,202350.734253254,321698.416872354,9087.85549447769,211438.589747731,4.29810636994906
août 2006,10097.9164947638,126778.142111705,184137.226462178,300817.452079119,18296.0154435791,20460.3721250644,202433.241905757,321277.824204183,8832.36021057005,211265.602116327,4.1806901464758
juillet 2006,10097.8680914441,125935.187977347,183517.296055472,299354.615941375,18285.7842644931,20428.545729803,201803.080319965,319783.161671178,8728.61088576991,210531.691205735,4.14598431038118
juin 2006,10097.8689566582,125396.348299821,183805.277742975,299103.757086138,18277.0751365464,20392.6416423158,202082.352879521,319496.398728454,8698.76870706944,210781.121586591,4.12692021068685
mai 2006,10097.9534155139,124451.906441705,183625.611663672,297979.564689863,18265.1050845586,20360.8776140323,201890.716748231,318340.442303896,8658.03369152611,210548.750439757,4.11212779626702
avril 2006,10098.1304969013,123380.789184337,182731.074687026,296013.733374462,18270.8523073913,20360.0527364846,201001.926994417,316373.786110947,8767.6569179955,209769.583912413,4.17966072796156
mars 2006,10098.465727937,122999.579610907,182822.738337999,295723.852220969,18265.409482825,20338.4718381839,201088.147820824,316062.324059153,9056.00243616067,210144.150256985,4.309423995427
février 2006,10099.0108566771,122210.380361342,182385.478874435,294496.848379099,18265.1456690993,20326.7634722489,200650.624543534,314823.611851348,8839.23481651466,209489.859360049,4.21940939934602
janvier 2006,10099.8954876709,121456.592248473,181978.075158807,293334.771919608,18225.1290978502,20275.4045198683,200203.204256657,313610.176439477,8795.5910362317,208998.795292889,4.20844102182774
décembre 2005,10406.7491681858,121189.926241224,181066.013910863,291849.190983901,18503.127846914,20554.0448827021,199569.141757777,312403.235866603,8778.36366426149,208347.505422038,4.21332794289024
novembre 2005,10344.7889370586,120533.443727379,180950.155105655,291138.809895975,18517.0013773084,20542.9748774002,199467.156482964,311681.784773376,8735.79911087162,208202.955593835,4.19580936589273
octobre 2005,10282.8059251905,119564.55593546,180109.383115247,289391.133125516,18526.4292448906,20542.0923361246,198635.812360137,309933.225461641,8755.55127180413,207391.363631941,4.22175307518719
septembre 2005,10220.8001486157,119524.849825706,180325.22215926,289629.271836351,18507.9614221524,20499.2986301429,198833.183581412,310128.570466494,8791.79734733677,207624.980928749,4.23446027930226
août 2005,10158.7433752469,118656.39332386,180062.692095012,288560.342043626,18526.7159405522,20509.8388521106,198589.408035564,309070.180895736,8690.09001586677,207279.498051431,4.19245033761639
juillet 2005,10096.7691094589,117718.271616347,179358.909069385,286980.411576273,18543.6336504989,20501.27645778,197902.542719884,307481.688034053,8556.72941407328,206459.272133957,4.1445120510361
juin 2005,10034.9488719067,117204.861078516,179575.218080735,286745.130287344,18541.7826059851,20483.4616165563,198117.00068672,307228.591903901,8548.25908506168,206665.259771782,4.13628255397227
mai 2005,9973.31749526993,116985.93634181,179177.740985524,286190.359832064,18504.0872718331,20441.906969634,197681.828257357,306632.266801698,8520.82588734131,206202.654144698,4.13225810438017
avril 2005,9911.99189366252,116112.475421021,178675.477948605,284875.961475963,18517.1891620012,20427.4904272028,197192.667110606,305303.451903166,8340.39582549371,205533.0629361,4.05793389460009
mars 2005,9851.048109609,115705.471056284,178701.932101342,284556.355048017,18536.5382134141,20419.0335246793,197238.470314756,304975.388572696,8019.51098112515,205257.981295881,3.9070397801316
février 2005,9790.66414001033,115165.133475765,178189.28556736,283563.754903115,18486.4837288668,20344.1027813164,196675.769296227,303907.857684431,8002.59016635996,204678.359462587,3.90983696926825
janvier 2005,9730.99904926446,114817.222893538,178201.407870378,283287.631714652,18469.8564165642,20303.3769921691,196671.264286942,303591.008706821,7788.37751973429,204459.641806676,3.80924932222002
décembre 2004,9474.76476467429,113435.072760026,179090.548530402,283050.856525754,18451.9363772539,20264.8466679235,197542.484907656,303315.703193678,7857.76084479194,205400.245752448,3.82558492858974
novembre 2004,9445.50430698368,112888.806682457,178957.987268233,282401.289643706,18426.1876062168,20219.2263878341,197384.17487445,302620.51603154,7803.44983609746,205187.624710547,3.80308015510467
octobre 2004,9416.46900603006,111941.281262637,178438.849002061,280963.661258668,18403.5841157779,20159.6754823657,196842.433117839,301123.336741033,7597.92029806907,204440.353415908,3.71644842670179
septembre 2004,9387.74332690868,111718.17808488,178882.680768533,281213.115526504,18381.7227310942,20127.870583079,197264.403499627,301340.986109583,7685.83139141889,204950.234891046,3.75009640535653
août 2004,9359.17194356005,111257.21223157,178735.108769121,280633.149057132,18361.2441591017,20061.718701231,197096.352928223,300694.867758363,7627.20323080491,204723.556159028,3.72561095259607
juillet 2004,9331.0190192913,110560.935419014,178402.438232057,279632.35463178,18340.7942867336,20012.4890229821,196743.232518791,299644.843654762,7585.27573857088,204328.508257362,3.71229438479376
juin 2004,9303.13233920299,110393.120486964,178398.626193526,279488.614341287,18307.5286109318,19957.6183804933,196706.154804458,299446.23272178,7510.17844271877,204216.333247177,3.6775601262161
mai 2004,9275.80041881845,109442.788358805,178017.276108288,278184.264048274,18278.7920956058,19893.5412131696,196296.068203894,298077.805261444,7362.3411896215,203658.409393515,3.61504403945125
avril 2004,9248.83306399203,109474.361584656,178280.655101454,278506.183622118,18258.7866621321,19850.9207082993,196539.441763586,298357.104330417,7555.25243582096,204094.694199407,3.70183677016084
mars 2004,9222.6720189767,108731.899878801,177912.750333565,277421.978193389,18217.4643633671,19791.7332013216,196130.214696932,297213.711394711,7448.65337724775,203578.86807418,3.65885391136649
février 2004,9197.10466589712,107829.193602231,177346.469308022,275978.558244357,18210.1581459167,19767.0661928496,195556.627453939,295745.624437206,7231.74061166976,202788.368065609,3.56615158978451
janvier 2004,9172.80172832433,107386.722055294,177089.851373184,275303.771700153,18222.122447689,19758.1732271665,195311.973820873,295061.94492732,7248.2073556883,202560.181176561,3.57829821912058
décembre 2003,9111.14561980661,107247.855088153,177515.493333474,275652.20280182,18166.4440029862,19671.3150887011,195681.937336461,295323.517890521,7046.17084790552,202728.108184366,3.47567533235083
novembre 2003,9083.30708513691,106623.736117298,177045.46849801,274585.897530171,18155.1863958094,19634.2356802701,195200.654893819,294220.133210441,7035.03384126701,202235.688735086,3.47863123727998
octobre 2003,9055.58582828132,106566.403021351,177236.887715775,274747.704908844,18129.2549024244,19596.5392967619,195366.1426182,294344.244205606,7017.35277199203,202383.495390192,3.46735427138597
septembre 2003,9055.58582828132,106566.403021351,177236.887715775,274747.704908844,18129.2549024244,19596.5392967619,195366.1426182,294344.244205606,7017.35277199203,202383.495390192,3.46735427138597
août 2003,9055.58582828132,106566.403021351,177236.887715775,274747.704908844,18129.2549024244,19596.5392967619,195366.1426182,294344.244205606,7017.35277199203,202383.495390192,3.46735427138597
juillet 2003,8975.10874672392,105464.284919071,177065.041888942,273554.218061288,18051.6815765081,19478.7595040521,195116.72346545,293032.977565341,6764.35275913273,201881.076224583,3.35066212526415
juin 2003,8949.13162447491,104942.677918223,176865.93615404,272859.482447789,18030.0230467081,19432.9108477689,194895.959200748,292292.393295558,6654.25565508804,201550.214855836,3.30153736618324
mai 2003,8923.84776869564,104375.946108664,176575.136782217,272027.235122185,18036.5833156132,19427.4923073362,194611.72009783,291454.727429521,6602.41644083382,201214.136538664,3.28128855875151
avril 2003,8899.18712545589,104277.866483726,176789.61759287,272168.296951141,18028.9525338238,19396.0026967324,194818.570126694,291564.299647873,6352.46532732249,201171.035454017,3.15774351560393
mars 2003,8875.45200915022,103889.338407311,176496.068849772,271509.955247933,17999.4887775046,19355.0033791557,194495.557627277,290864.958627088,6244.97909916831,200740.536726445,3.11097060962755
février 2003,8852.76287760781,103726.443834058,176494.389001056,271368.069957506,17970.8206665635,19318.9072974014,194465.209667619,290686.977254907,6121.81296937816,200587.022636997,3.05194866990813
janvier 2003,8831.50412204479,103392.104981549,176251.119167292,270811.720026796,17993.4232435858,19330.9035187272,194244.542410878,290142.623545523,5953.54620600545,200198.088616884,2.97382769592705
décembre 2002,8622.83069020498,103292.453113385,175596.602577103,270266.225000283,17983.0420943819,19325.8960962617,193579.644671485,289592.121096545,5705.57284649793,199285.217517983,2.86301860095724
novembre 2002,8623.56647044459,102868.623610504,175487.126259826,269732.183399886,17974.3415242862,19301.1420162995,193461.467784112,289033.325416185,5526.53908619425,198988.006870306,2.77732270055665
octobre 2002,8624.70522371039,102787.50289348,175525.508865282,269688.306535051,17960.60383578,19269.959781583,193486.112701062,288958.266316634,5427.60770087429,198913.720401936,2.72862409385685
septembre 2002,8626.26996244139,102404.113166885,175136.645916608,268914.489121051,17921.0570982332,19211.6908838748,193057.703014841,288126.180004926,5130.06195339931,198187.76496824,2.58848569901447
août 2002,8628.23791263301,101844.369039082,174905.026157944,268121.157284393,17896.7458392371,19174.1808127388,192801.771997181,287295.338097132,5068.49321186992,197870.265209051,2.56152343380904
juillet 2002,8630.69959281567,101779.365583759,175086.793825034,268235.459815977,17887.7211219067,19148.63531566,192974.514946941,287384.095131638,4919.60588292099,197894.120829862,2.48597879628298
juin 2002,8633.70742081206,101343.007024586,174816.493333012,267525.792936785,17898.7507092083,19131.4354297646,192715.24404222,286657.22836655,4711.80049491186,197427.044537132,2.38660336832712
mai 2002,8637.34968236349,101350.297174098,174783.299770036,267496.247261771,17881.0095055958,19097.9186508299,192664.309275632,286594.1659126,4699.08728806444,197363.396563697,2.38093150497026
avril 2002,8641.76259294643,100968.221113746,174761.281033409,267087.739554208,17864.8710771458,19082.4291631806,192626.152110554,286170.168717388,4499.32920214384,197125.481312698,2.28246960879025
mars 2002,8647.13252610814,100657.395051661,174708.490356989,266718.752882542,17890.1109502123,19093.5424447299,192598.601307202,285812.295327272,4391.68235355627,196990.283660758,2.22939033943385
février 2002,8653.74837030125,100565.783306998,174948.064083624,266860.099020321,17861.514053848,19052.7968934114,192809.578137472,285912.895913732,4455.63441436158,197265.212551834,2.2587025642906
janvier 2002,8662.00166552706,100016.263800914,174457.557814632,265811.819950019,17841.2088744378,19030.542918151,192298.76668907,284842.36286817,4549.06842263257,196847.835111703,2.31095679566462
décembre 2001,8558.3484969425,99598.9106487347,173570.969650171,264611.531801963,17907.8100221385,19088.91550363,191478.779672309,283700.447305593,4397.92673299628,195876.706405306,2.2452525436568
novembre 2001,8574.0611255192,99194.9775469142,173465.61194074,264086.528362135,17891.1810353453,19068.9461173347,191356.792976085,283155.47447947,4437.38031809617,195794.173294182,2.26634952585079
octobre 2001,8590.096092397,98751.9740724913,173199.947255522,263361.825235616,17889.0059220614,19055.3549598497,191088.953177583,282417.180195466,4422.5775757593,195511.530753342,2.2620546004209
septembre 2001,8606.48117360838,98138.8851308271,172564.949091246,262097.353048465,17909.0135970948,19073.755573296,190473.962688341,281171.108621761,4227.79716608657,194701.759854427,2.1714221634399
août 2001,8623.1687710547,97860.9397315334,172847.17378512,262084.944745598,17926.5709468691,19078.5875410508,190773.744731989,281163.532286649,4317.18004294574,195090.924774934,2.21290664746514
juillet 2001,8640.2390156748,97269.5871897826,172593.578612878,261222.926786986,17925.6729526274,19078.8624923643,190519.251565506,280301.78927935,4293.9340404784,194813.185605984,2.20412906196351
juin 2001,8657.69767339733,96308.681869546,171996.298257507,259647.282453656,17938.7550859678,19091.6813366764,189935.053343475,278738.963790332,4310.96003947624,194246.013382951,2.21932999519393
mai 2001,8675.6271684533,96035.4819160547,171994.660873778,259354.51562138,17945.8898416969,19095.1188938766,189940.550715475,278449.634515256,4215.34874273732,194155.899458212,2.17111545644513
avril 2001,8694.09226463972,95100.8679869521,171138.62621831,257545.401940622,17960.9006017438,19102.7406976787,189099.526820054,276648.142638301,4247.91491781751,193347.441737871,2.19703704359149
mars 2001,8713.25383715327,94243.4712465417,170786.780056641,256316.997466029,17956.4735010738,19079.3091730396,188743.253557714,275396.306639069,4242.71503903708,192985.968596751,2.19845777902244
février 2001,8733.28614061749,93720.638654487,170881.07227368,255868.424787549,17964.9312519292,19088.0142826069,188846.003525609,274956.439070156,4208.29668102471,193054.300206634,2.17985130428093
janvier 2001,8754.51061478764,92991.9094117549,170218.611304375,254456.010101343,17938.7170879732,19039.5761356806,188157.328392349,273495.586237023,4236.20288344886,192393.531275797,2.20184267909519
décembre 2000,8906.23836995555,91902.57781073,170203.283598788,253199.623039562,17259.2500885708,18364.2336008804,187462.533687359,271563.856640443,4316.13920338474,191778.672890744,2.25058351813898
novembre 2000,8894.13327180908,91138.46455186,169912.649125684,252156.980405735,17259.4253677852,18355.8529857768,187172.074493469,270512.833391512,4330.04466227892,191502.119155748,2.261094906609
octobre 2000,8882.17451692458,90218.5483047925,169005.185329023,250341.559116891,17248.3019882577,18378.1638993306,186253.48731728,268719.723016221,4321.02546890216,190574.512786182,2.26736797367557
septembre 2000,8870.37475380591,88877.5921877867,168535.706083812,248542.923517793,17255.8266427644,18376.3088344183,185791.532726577,266919.232352211,4486.44247935812,190277.975205935,2.3578359368721
août 2000,8858.73714287774,88241.8644675877,168181.59288208,247564.72020679,17240.7863193053,18355.8788806493,185422.379201385,265920.599087439,4512.24740312836,189934.626604514,2.37568445722321
juillet 2000,8847.31533627631,87265.4955766709,167530.678076529,245948.858316924,17246.8713180101,18337.978502909,184777.549394539,264286.836819833,4467.99306616385,189245.542460703,2.36095022797783
juin 2000,8836.15072551115,86584.0014968147,167512.046111939,245259.896883242,17229.2501464651,18319.3936761187,184741.296258404,263579.290559361,4577.92018192888,189319.216440333,2.4180958848262
mai 2000,8825.29960452182,85743.7782444378,167219.646921854,244138.12556177,17242.9484551469,18332.6600513073,184462.595377001,262470.785613078,4635.32270483356,189097.918081835,2.45128172316924
avril 2000,8814.84686605482,84710.2079014945,166278.378888273,242173.739923713,17244.358198851,18331.7295233603,183522.737087124,260505.469447073,4551.87537174768,188074.612458872,2.42024976802389
mars 2000,8804.90705815132,84230.2541216301,166127.280190432,241552.627253911,17220.8015757183,18302.7050222989,183348.08176615,259855.33227621,4689.12420282529,188037.205968976,2.49372148382111
février 2000,8795.64720665336,83382.4584577658,165126.220704911,239713.031956023,17243.1240744065,18309.7574233156,182369.344779317,258022.789379339,4667.72168356029,187037.066462877,2.49561318076315
janvier 2000,8787.30015175638,82509.9488447631,164313.508559206,238036.157252212,17241.8732305912,18294.4814903088,181555.381789797,256330.638742521,4623.31054661337,186178.69233641,2.48326513017902
décembre 1999,8636.6540070661,81797.0230657135,166202.287543007,239362.656601654,17359.9748031168,18386.0018765777,183562.262346124,257748.658478232,4793.88049360688,188356.142839731,2.54511502589322
novembre 1999,8645.43359328477,81203.425372323,166165.081576069,238723.073355107,17352.0407387761,18365.3870058099,183517.122314845,257088.460360917,4742.41656727882,188259.538882124,2.5190843425194
octobre 1999,8654.35638059492,80270.6128716847,163999.794242971,235616.050734061,17368.4984386105,18381.9651154692,181368.292681582,253998.01584953,4756.17765009073,186124.470331672,2.55537471328475
septembre 1999,8663.43651207979,80144.7885558481,164603.434622718,236084.786666487,17374.6654152584,18380.0195575008,181978.100037977,254464.806223987,4929.38652083061,186907.486558807,2.63734032894379
août 1999,8672.64817438826,79292.9970962529,163777.798388693,234398.147310558,17381.2620527901,18385.6289745354,181159.060441483,252783.776285093,4941.49866075812,186100.559102241,2.65528415637017
juillet 1999,8682.03522248868,78246.1698818986,163256.792685998,232820.927345408,17356.0398987781,18351.6290680014,180612.832584776,251172.55641341,4995.08913847014,185607.921723246,2.69120471372884
juin 1999,8691.60141758607,77967.4198438817,163140.643089069,232416.461515365,17349.4454422287,18340.8385898041,180490.088531298,250757.300105169,4969.21988743977,185459.308418738,2.67941249744125
mai 1999,8701.39221933118,77194.2120945039,162441.643505728,230934.463380901,17321.3506991372,18304.121257993,179762.994204865,249238.584638894,4978.85020091454,184741.84440578,2.69503112136233
avril 1999,8711.44415784163,76502.0463522174,161586.866358452,229377.468552828,17304.7333901544,18281.6678729143,178891.599748607,247659.136425742,5080.58390090652,183972.183649513,2.76160439046893
mars 1999,8721.84696017425,75880.8429859722,161072.293953725,228231.289979523,17293.369944271,18270.4816793383,178365.663897996,246501.771658861,5069.40264703694,183435.066545033,2.76359517431331
février 1999,8732.69825065279,74897.4684048979,160161.073666403,226325.843820648,17287.9855748366,18258.1784714983,177449.059241239,244584.022292146,5034.50625734266,182483.565498582,2.75888200868247
janvier 1999,8744.1780398808,74408.0414497548,159180.913137601,224844.776547475,17309.9488933478,18269.673212673,176490.862030949,243114.449760148,5058.82795524078,181549.68998619,2.7864701700265
décembre 1998,8791.91030953907,73965.3167379525,161836.836426894,227010.242855308,17307.9805906287,18255.1793029892,179144.817017523,245265.422158297,4782.53725038508,183927.354267908,2.60023163461529
novembre 1998,8789.61957197842,73240.9469754265,161293.935086921,225745.262490369,17313.9749667698,18261.2122795414,178607.910053691,244006.474769911,4976.74241082748,183584.652464518,2.7108706223628
octobre 1998,8787.36366300369,72507.7404715569,160765.361021029,224485.737829582,17291.9619160706,18224.3038437494,178057.3229371,242710.041673332,5193.07301950173,183250.395956601,2.83386728437498
septembre 1998,8785.15127947556,72149.1151090158,160454.294512312,223818.258341853,17278.4290544878,18198.9714952588,177732.7235668,242017.229837112,5088.19441324593,182820.917980046,2.78315767662937
août 1998,8782.97591861481,71500.0001408407,159999.900166173,222716.924388399,17284.8118828723,18199.2399903043,177284.712049045,240916.164378703,5022.35856232885,182307.070611374,2.75488961864516
juillet 1998,8780.86970008488,71141.2729381403,159963.603594439,222324.006832495,17294.5728256578,18192.1209213481,177258.176420097,240516.127753843,5143.10556966196,182401.281989759,2.81966525320295
juin 1998,8778.84851345248,70491.3096586712,159615.359914169,221327.821059388,17296.0148259682,18181.378016394,176911.374740137,239509.199075782,5066.73876169903,181978.113501836,2.7842572187385
mai 1998,8776.94589594839,69609.7850989108,158971.451424304,219804.290627266,17318.1563380047,18194.7625193906,176289.607762309,237999.053146657,5122.27362795094,181411.88139026,2.82356017075405
avril 1998,8775.20295537957,69283.4397370561,158715.850891203,219224.087672879,17319.7909868776,18179.1154157728,176035.64187808,237403.203088652,5151.6032725031,181187.245150583,2.84324830272773
mars 1998,8773.6871135679,68679.0652150511,156965.508470599,216870.886572082,17341.0477498138,18194.7278234228,174306.556220413,235065.614395505,5130.47422495876,179437.030445372,2.85920593548871
février 1998,8772.48686267576,67843.7089387039,156493.908076252,215565.13015228,17356.7249333612,18198.7690382019,173850.633009613,233763.899190482,5326.49712804113,179177.130137654,2.9727550184273
janvier 1998,8771.7385475887,67301.5419066576,155614.527914894,214144.331273963,17334.9374509544,18175.0321122417,172949.465365848,232319.363386204,5357.39179926304,178306.857165111,3.00459100925217
décembre 1997,8703.41902168128,66764.0324344502,158812.368102181,216872.98151495,17384.2744363763,18209.7325497474,176196.642538557,235082.714064697,5369.09783427906,181565.740372836,2.95710954239158
novembre 1997,8708.62633498951,66345.5071288987,158140.704200408,215777.584994317,17372.4122217976,18189.015074022,175513.116422205,233966.600068339,5290.95148151972,180804.067903725,2.926345376442
octobre 1997,8713.82433598247,66104.4646249267,157919.575776865,215310.216065809,17358.3646119372,18163.8908843956,175277.940388802,233474.106950205,5315.59860337397,180593.538992176,2.94340463841525
septembre 1997,8719.03469614865,65557.3226542179,157492.251391505,214330.539349574,17361.7567179211,18160.6787359406,174854.008109426,232491.218085515,5392.43071143152,180246.438820858,2.99169889108928
août 1997,8724.22063648949,64701.0129636397,157342.935018704,213319.727345854,17335.9861944963,18121.8808210536,174678.921213201,231441.608166908,5444.40161574417,180123.322828945,3.02259670221301
juillet 1997,8729.43536298273,64519.7922735464,155879.021767543,211669.378678107,17351.5002391615,18123.9536392516,173230.522006705,229793.332317359,5447.20094986568,178677.722956571,3.0486178465514
juin 1997,8734.64635964937,64018.2639200465,154665.436346066,209949.053906463,17337.0593897843,18119.5383687953,172002.49573585,228068.592275258,5434.41288947304,177436.908625323,3.06272969450138
mai 1997,8739.92248246134,63356.076368584,155020.933727581,209637.087613703,17318.8478514722,18085.2900822049,172339.781579053,227722.377695908,5505.69234890611,177845.473927959,3.09577310420412
avril 1997,8745.23570838963,63088.4618181773,154949.274710457,209292.500820244,17332.7488890024,18097.2952282503,172282.023599459,227389.796048494,5564.36284652208,177846.386445981,3.12874664350417
mars 1997,8750.69884711851,62639.0902870959,154867.87416234,208756.265602317,17332.1205800439,18085.4507113755,172199.994742383,226841.716313692,5403.92636106832,177603.921103452,3.04268415218187
février 1997,8756.30323304325,62611.8074027239,152871.14684329,206726.651012971,17344.7437112211,18080.6468940643,170215.890554512,224807.297907035,5446.76214008319,175662.652694595,3.10069445982515
janvier 1997,8762.23684328766,62341.1523580067,148040.200032429,201619.115547149,17321.9279040932,18050.7896015826,165362.127936523,219669.905148731,5421.72715512514,170783.855091648,3.17461340371763
décembre 1996,8759.82092195353,61931.1451207913,151997.802578181,205169.126777018,17251.3783181696,17972.4232922044,169249.18089635,223141.550069223,5488.34568101134,174737.526577361,3.14090841762115
novembre 1996,8762.09386331395,61462.3581528694,151698.132820288,204398.397109844,17256.3584345434,17967.739405927,168954.491254832,222366.136515771,5334.03377907239,174288.525033904,3.06046182789989
octobre 1996,8764.24385026846,60980.7312613786,151885.157188836,204101.644599946,17248.1361220045,17956.1818303511,169133.29331084,222057.826430297,5133.39517279489,174266.688483635,2.94571223993675
septembre 1996,8766.35543748056,60424.8357709072,152039.968848547,203698.449181974,17259.7324544183,17953.3283259801,169299.701302966,221651.777507954,5019.86169413386,174319.562997099,2.87968923729885
août 1996,8768.34813669135,60093.7280387591,152823.664067594,204149.043969662,17272.4371810835,17959.9354153836,170096.101248678,222108.979385046,4929.32663935526,175025.427888033,2.81634885789775
juillet 1996,8770.30220378624,59570.4919360041,153185.64214425,203985.831876468,17247.5515269024,17931.843915934,170433.193671153,221917.675792402,4896.93578013274,175330.129451285,2.79298018854958
juin 1996,8772.17057006167,59019.4352910744,153523.909199244,203771.173920256,17239.3824406256,17915.7650431497,170763.291639869,221686.938963406,4930.17471908695,175693.466358956,2.80612297159314
mai 1996,8774.01756345195,58966.4854944052,153959.994843794,204152.462774747,17238.6271323719,17903.4726673946,171198.621976166,222055.935442141,4932.80772120142,176131.429697367,2.80064025465363
avril 1996,8775.82870550112,58596.985839767,154093.062516874,203914.21965114,17224.9041025358,17873.2893201345,171317.96661941,221787.508971274,4877.2339984114,176195.200617821,2.76808561261009
mars 1996,8777.67655989751,58105.3175392829,153681.34549656,203008.986475945,17231.4242254758,17869.9197585466,170912.769722035,220878.906234492,4772.16551672968,175684.935238765,2.71632027540896
février 1996,8779.59221420341,57857.9990107812,153884.415410076,202962.822206654,17215.8211561875,17851.606962747,171100.236566264,220814.429169401,4695.84250099541,175796.079067259,2.67118727898294
janvier 1996,8781.68162273011,57379.9303193039,153853.199002481,202451.447699055,17224.9458123358,17855.7381445394,171078.144814817,220307.185843594,4630.84728622757,175708.992101045,2.6355209433815
décembre 1995,8910.00740833187,57106.9833253497,154247.773123828,202444.749040846,16931.7281292513,17564.0984927622,171179.501253079,220008.847533608,4553.56887348499,175733.070126564,2.5911849546619
novembre 1995,8884.59073216402,56765.0253398331,153798.642978932,201679.077586602,16933.9503764536,17557.8250841475,170732.593355386,219236.902670749,4651.05832720905,175383.651682595,2.65193379347946
octobre 1995,8859.06542097294,56515.0004623601,153757.048088871,201412.983130259,16956.9229737402,17574.3963371723,170713.971062612,218987.379467431,4578.59506192745,175292.566124539,2.61197332160368
septembre 1995,8833.43167211388,56191.1966836245,153977.231539,201334.996550511,16940.0252504249,17553.033983175,170917.256789425,218888.030533686,4528.81550871392,175446.072298139,2.58131484472221
août 1995,8807.71687456036,56127.9971661932,152631.392624112,199951.672915745,16931.8425373418,17537.7230885438,169563.235161454,217489.396004289,4458.70740758169,174021.942569036,2.56215241696483
juillet 1995,8781.93689841574,55784.5431973032,152763.672273833,199766.278572721,16939.5566963649,17545.7409047069,169703.228970198,217312.019477428,4432.00820420172,174135.2371744,2.54515299494666
juin 1995,8756.13200199025,55522.1621739409,151771.140453455,198537.170625405,16948.5318456731,17543.0768107491,168719.672299128,216080.247436155,4529.08749899596,173248.759798124,2.61421063231473
mai 1995,8730.31935359004,55223.4580624992,150278.131571932,196771.270280841,16951.1189216934,17537.2280017195,167229.250493625,214308.49828256,4476.61280433804,171705.863297963,2.60714032611089
avril 1995,8704.55467702407,54761.1243068113,149682.413111184,195738.982740971,16940.5561489177,17519.2837460704,166622.969260102,213258.266487041,4416.03613301606,171039.005393118,2.5818883376141
mars 1995,8678.87549202239,54513.8293146523,149694.28507138,195529.23889401,16918.8406173408,17487.8061412344,166613.125688721,213017.045035244,4518.83931365365,171131.965002374,2.64055830457563
février 1995,8653.36744476177,54086.3280530057,149799.995844505,195232.956452749,16906.7044414075,17468.8221775526,166706.700285912,212701.778630301,4375.71206985741,171082.41235577,2.55766329782516
janvier 1995,8628.1090148387,53773.7478096209,149294.55905822,194440.197853002,16912.2650217701,17462.5954412493,166206.82407999,211902.793294252,4331.61269529412,170538.436775284,2.5399627070593
